{
    "model_version": "v1.0",
    "trained_date": "2025-12-19T14:45:14.718542",
    "features_used": [
        "amount_usd",
        "dist_to_home_km",
        "card_present",
        "foreign_ip",
        "risky_ip_country",
        "uncommon_os",
        "hour_of_day",
        "day_of_week",
        "weekend",
        "merchant_category",
        "device_os",
        "device_lang",
        "ip_country",
        "ip_isp",
        "cust_prev_tx",
        "time_since_prev_tx_sec",
        "very_quick_succession",
        "amount_to_hist_avg_ratio"
    ],
    "risk_score_multiplier": 999,
    "action_thresholds": {
        "auto_approve": 50,
        "monitor": 200,
        "manual_review": 500,
        "high_priority": 800,
        "auto_decline": 999
    },
    "metrics": {
        "accuracy": 0.9992,
        "precision": 0.9660194174757282,
        "recall": 0.995,
        "f1": 0.9802955665024631,
        "roc_auc": 0.9999326530612245
    },
    "top_features": {
        "risky_ip_country": 0.4895217716693878,
        "foreign_ip": 0.2731286287307739,
        "uncommon_os": 0.149004727602005,
        "ip_country": 0.07900046557188034,
        "card_present": 0.0041826097294688225,
        "device_os": 0.0035501127131283283,
        "dist_to_home_km": 0.0002588254283182323,
        "amount_usd": 0.0002094227820634842,
        "ip_isp": 0.00020677992142736912,
        "merchant_category": 0.00019169757433701307,
        "amount_to_hist_avg_ratio": 0.0001405549410264939,
        "weekend": 0.00012469683133531362,
        "device_lang": 0.00010287354962201789,
        "day_of_week": 9.923392644850537e-05,
        "cust_prev_tx": 9.82083220151253e-05
    }
}
